timestamp,value,label
2014-11-23 14:00:00,74.4811355267734,0
2014-11-23 15:00:00,819.089588699017,0
2014-11-23 16:00:00,837.412985052877,0
2014-11-23 17:00:00,1186.01345403346,0
2014-11-23 18:00:00,1037.28042879483,0
2014-11-23 19:00:00,828.4087195138361,0
2014-11-23 20:00:00,409.611962018705,0
2014-11-23 21:00:00,-2.7619543669610898,0
2014-11-23 22:00:00,-440.50019008095495,0
2014-11-23 23:00:00,-407.16738692738,0
2014-11-24 00:00:00,-369.458380305832,0
2014-11-24 01:00:00,-158.366733311904,0
2014-11-24 02:00:00,126.1324871984,0
2014-11-24 03:00:00,483.363811147752,0
2014-11-24 04:00:00,686.030163283967,0
2014-11-24 05:00:00,857.2909133205611,0
2014-11-24 06:00:00,737.671761164449,0
2014-11-24 07:00:00,564.937823839403,0
2014-11-24 08:00:00,-185.281324856735,0
2014-11-24 09:00:00,-810.189619871691,0
2014-11-24 10:00:00,-826.746248353757,0
2014-11-24 11:00:00,-997.1956188451601,0
2014-11-24 12:00:00,-723.012749981682,0
2014-11-24 13:00:00,-394.772188494836,0
2014-11-24 14:00:00,250.05399644200298,0
2014-11-24 15:00:00,746.4226810118159,0
2014-11-24 16:00:00,1282.27405366167,0
2014-11-24 17:00:00,1247.38066712129,0
2014-11-24 18:00:00,1235.1385676596,0
2014-11-24 19:00:00,947.719177935253,0
2014-11-24 20:00:00,797.732654684553,0
2014-11-24 21:00:00,308.463732635965,0
2014-11-24 22:00:00,-37.8479581961044,0
2014-11-24 23:00:00,-296.368798220469,0
2014-11-25 00:00:00,-155.362095457879,0
2014-11-25 01:00:00,161.722370839097,0
2014-11-25 02:00:00,79.56323356945991,0
2014-11-25 03:00:00,622.822885384263,0
2014-11-25 04:00:00,874.4915387384558,0
2014-11-25 05:00:00,968.943640367173,0
2014-11-25 06:00:00,805.1091656287808,0
2014-11-25 07:00:00,504.595290594882,0
2014-11-25 08:00:00,-15.9020593139675,0
2014-11-25 09:00:00,-546.656615863389,0
2014-11-25 10:00:00,-838.1648566549229,0
2014-11-25 11:00:00,-992.763317600322,0
2014-11-25 12:00:00,-516.823182745939,0
2014-11-25 13:00:00,-196.711276067765,0
2014-11-25 14:00:00,415.703865169468,0
2014-11-25 15:00:00,876.331699912775,0
2014-11-25 16:00:00,1208.63537782463,0
2014-11-25 17:00:00,1469.0689917566199,0
2014-11-25 18:00:00,1341.83553515381,0
2014-11-25 19:00:00,944.1088214745621,0
2014-11-25 20:00:00,1048.13625713403,0
2014-11-25 21:00:00,314.98497162712005,0
2014-11-25 22:00:00,100.415237328083,0
2014-11-25 23:00:00,-245.10380785269402,0
2014-11-26 00:00:00,-198.729894903834,0
2014-11-26 01:00:00,-17.5344716670709,0
2014-11-26 02:00:00,327.21592460989,0
2014-11-26 03:00:00,482.908059745623,0
2014-11-26 04:00:00,1048.95015322808,0
2014-11-26 05:00:00,949.666860353167,0
2014-11-26 06:00:00,743.167500659896,0
2014-11-26 07:00:00,338.88207823067,0
2014-11-26 08:00:00,-58.980629801461,0
2014-11-26 09:00:00,-512.5849055751,0
2014-11-26 10:00:00,-794.173711041722,0
2014-11-26 11:00:00,-931.6076796792528,0
2014-11-26 12:00:00,-473.719905474067,0
2014-11-26 13:00:00,-333.89370663545503,0
2014-11-26 14:00:00,231.630633037413,0
2014-11-26 15:00:00,886.762215882287,0
2014-11-26 16:00:00,1152.51736771422,0
2014-11-26 17:00:00,1433.17355577723,0
2014-11-26 18:00:00,1537.84930030844,0
2014-11-26 19:00:00,950.2471904805499,0
2014-11-26 20:00:00,709.688093917898,0
2014-11-26 21:00:00,73.88806686593229,0
2014-11-26 22:00:00,-134.061832199186,0
2014-11-26 23:00:00,-390.429278538136,0
2014-11-27 00:00:00,-305.591891464378,0
2014-11-27 01:00:00,-50.9760924785254,0
2014-11-27 02:00:00,216.584750985267,0
2014-11-27 03:00:00,707.7844501658051,0
2014-11-27 04:00:00,867.880426550663,0
2014-11-27 05:00:00,1040.47819104688,0
2014-11-27 06:00:00,583.96461869124,0
2014-11-27 07:00:00,297.0129187665069,0
2014-11-27 08:00:00,-104.248420585641,0
2014-11-27 09:00:00,-543.774297973705,0
2014-11-27 10:00:00,-806.357761446379,0
2014-11-27 11:00:00,-1023.4571096577099,0
2014-11-27 12:00:00,-649.586984240531,0
2014-11-27 13:00:00,-394.078752455383,0
2014-11-27 14:00:00,482.550714040462,0
2014-11-27 15:00:00,608.998882738929,0
2014-11-27 16:00:00,975.8541383078433,0
2014-11-27 17:00:00,1346.76903896885,0
2014-11-27 18:00:00,1143.88066329969,0
2014-11-27 19:00:00,891.724503732749,0
2014-11-27 20:00:00,582.583171957574,0
2014-11-27 21:00:00,202.809408164927,0
2014-11-27 22:00:00,-470.1712315569831,0
2014-11-27 23:00:00,-506.156509185132,0
2014-11-28 00:00:00,-594.7401994247319,0
2014-11-28 01:00:00,-171.32292799188602,0
2014-11-28 02:00:00,60.4575289054659,0
2014-11-28 03:00:00,460.185997773675,0
2014-11-28 04:00:00,859.274406983571,0
2014-11-28 05:00:00,711.912139372098,0
2014-11-28 06:00:00,761.1572338137711,0
2014-11-28 07:00:00,455.373129105162,0
2014-11-28 08:00:00,-100.948063273097,0
2014-11-28 09:00:00,-715.77994145834,0
2014-11-28 10:00:00,-948.4675573173739,0
2014-11-28 11:00:00,-1046.51190786979,0
2014-11-28 12:00:00,-601.1375164133999,0
2014-11-28 13:00:00,-479.240286632293,0
2014-11-28 14:00:00,115.17663136047399,0
2014-11-28 15:00:00,729.4450016556641,0
2014-11-28 16:00:00,1088.6574906879598,0
2014-11-28 17:00:00,1346.5838593719802,0
2014-11-28 18:00:00,968.777896934679,0
2014-11-28 19:00:00,947.6283960410781,0
2014-11-28 20:00:00,473.621712172403,0
2014-11-28 21:00:00,-120.484216220309,0
2014-11-28 22:00:00,-234.53178549950297,0
2014-11-28 23:00:00,-567.98755254831,0
2014-11-29 00:00:00,-408.365907808146,0
2014-11-29 01:00:00,-191.46340700066798,0
2014-11-29 02:00:00,-107.54689591043501,0
2014-11-29 03:00:00,541.267759773091,0
2014-11-29 04:00:00,763.120814347557,0
2014-11-29 05:00:00,864.660773410011,0
2014-11-29 06:00:00,667.504580174293,0
2014-11-29 07:00:00,146.49727183955798,0
2014-11-29 08:00:00,-103.79133776499799,0
2014-11-29 09:00:00,-338.300785376587,0
2014-11-29 10:00:00,-1087.18691959722,0
2014-11-29 11:00:00,-841.243772501718,0
2014-11-29 12:00:00,-828.784028717321,0
2014-11-29 13:00:00,-399.387983888278,0
2014-11-29 14:00:00,226.830301916232,0
2014-11-29 15:00:00,817.5478973663768,0
2014-11-29 16:00:00,1096.42715514384,0
2014-11-29 17:00:00,1107.88980734929,0
2014-11-29 18:00:00,1470.7910968995498,0
2014-11-29 19:00:00,1091.53359746825,0
2014-11-29 20:00:00,916.5972673830008,0
2014-11-29 21:00:00,380.861661346095,0
2014-11-29 22:00:00,-115.163890392232,0
2014-11-29 23:00:00,-228.881765974495,0
2014-11-30 00:00:00,-268.60749769212003,0
2014-11-30 01:00:00,-94.58534276966921,0
2014-11-30 02:00:00,460.764510250692,0
2014-11-30 03:00:00,530.254665094368,0
2014-11-30 04:00:00,936.597991712182,0
2014-11-30 05:00:00,906.0013275087488,0
2014-11-30 06:00:00,743.946144159216,0
2014-11-30 07:00:00,483.478748803396,0
2014-11-30 08:00:00,8.51574370098025,0
2014-11-30 09:00:00,-542.380232459016,0
2014-11-30 10:00:00,-332.478266343478,0
2014-11-30 11:00:00,-793.053780015242,0
2014-11-30 12:00:00,-574.126333174426,0
2014-11-30 13:00:00,56.065293419008505,0
2014-11-30 14:00:00,547.365889827906,0
2014-11-30 15:00:00,942.7728582560719,0
2014-11-30 16:00:00,1375.71963909534,0
2014-11-30 17:00:00,1813.1364686815305,0
2014-11-30 18:00:00,1757.0711652957,0
2014-11-30 19:00:00,1219.68745632801,0
2014-11-30 20:00:00,813.6130801725619,0
2014-11-30 21:00:00,604.7617064059581,0
2014-11-30 22:00:00,140.71017571777202,0
2014-11-30 23:00:00,-7.07863348945703,0
2014-12-01 00:00:00,99.93124204764273,0
2014-12-01 01:00:00,261.75397930019403,0
2014-12-01 02:00:00,610.89729946803,0
2014-12-01 03:00:00,1042.6042765744698,0
2014-12-01 04:00:00,1097.9523515850399,0
2014-12-01 05:00:00,1367.91815973059,0
2014-12-01 06:00:00,1073.27514514035,0
2014-12-01 07:00:00,910.401925474029,0
2014-12-01 08:00:00,544.769952114031,0
2014-12-01 09:00:00,-28.166862308333602,0
2014-12-01 10:00:00,-294.490516388849,0
2014-12-01 11:00:00,-501.73577706349005,0
2014-12-01 12:00:00,-240.243136263625,0
2014-12-01 13:00:00,241.902538452923,0
2014-12-01 14:00:00,672.252476569645,0
2014-12-01 15:00:00,1319.16001169371,0
2014-12-01 16:00:00,1629.7021557651901,0
2014-12-01 17:00:00,2085.22168077672,0
2014-12-01 18:00:00,1661.53891038483,0
2014-12-01 19:00:00,1636.38119906324,0
2014-12-01 20:00:00,1087.041884044,0
2014-12-01 21:00:00,858.2038892050798,0
2014-12-01 22:00:00,401.56198443599294,0
2014-12-01 23:00:00,158.76853245106,0
2014-12-02 00:00:00,143.76638565194202,0
2014-12-02 01:00:00,173.457257724738,0
2014-12-02 02:00:00,716.694542467871,0
2014-12-02 03:00:00,1365.48135570112,0
2014-12-02 04:00:00,1240.9877691754,0
2014-12-02 05:00:00,1316.43104631758,0
2014-12-02 06:00:00,1166.93042100463,0
2014-12-02 07:00:00,781.693621486519,0
2014-12-02 08:00:00,612.807783253051,0
2014-12-02 09:00:00,67.0924896329786,0
2014-12-02 10:00:00,-411.833145063365,0
2014-12-02 11:00:00,-252.105122008426,0
2014-12-02 12:00:00,-30.6099287474375,0
2014-12-02 13:00:00,481.205752318284,0
2014-12-02 14:00:00,936.851038220044,0
2014-12-02 15:00:00,1355.30350798685,0
2014-12-02 16:00:00,1839.4997320002105,0
2014-12-02 17:00:00,1998.86594347555,0
2014-12-02 18:00:00,1882.0262169004998,0
2014-12-02 19:00:00,1834.3594248922893,0
2014-12-02 20:00:00,1127.4313619238,0
2014-12-02 21:00:00,728.216832606633,0
2014-12-02 22:00:00,526.32829030117,0
2014-12-02 23:00:00,266.011140236636,0
2014-12-03 00:00:00,115.039939149304,0
2014-12-03 01:00:00,596.195079946246,0
2014-12-03 02:00:00,947.025143891239,0
2014-12-03 03:00:00,1226.12185545467,0
2014-12-03 04:00:00,1356.01290785488,0
2014-12-03 05:00:00,1547.04426537347,0
2014-12-03 06:00:00,1244.10823164895,0
2014-12-03 07:00:00,1103.8444206791498,0
2014-12-03 08:00:00,312.14054256,0
2014-12-03 09:00:00,-12.3018432307585,0
2014-12-03 10:00:00,-233.15111596625096,0
2014-12-03 11:00:00,-344.09797654864195,0
2014-12-03 12:00:00,-77.1798725594371,0
2014-12-03 13:00:00,270.454994675594,0
2014-12-03 14:00:00,795.749276696215,0
2014-12-03 15:00:00,1358.07480749318,0
2014-12-03 16:00:00,1646.27038854792,0
2014-12-03 17:00:00,2001.1117314133105,0
2014-12-03 18:00:00,1947.8318867441,0
2014-12-03 19:00:00,1480.00160452997,0
2014-12-03 20:00:00,1336.71574520499,0
2014-12-03 21:00:00,842.6012732214931,0
2014-12-03 22:00:00,205.158090315154,0
2014-12-03 23:00:00,105.967633769824,0
2014-12-04 00:00:00,192.090061952239,0
2014-12-04 01:00:00,353.869366548361,0
2014-12-04 02:00:00,826.0169161536279,0
2014-12-04 03:00:00,924.648854223763,0
2014-12-04 04:00:00,1247.08650209394,0
2014-12-04 05:00:00,1419.91894002487,0
2014-12-04 06:00:00,1152.07737982099,0
2014-12-04 07:00:00,917.5891415487912,0
2014-12-04 08:00:00,485.926804433629,0
2014-12-04 09:00:00,-81.2695134862745,0
2014-12-04 10:00:00,-484.447808191799,0
2014-12-04 11:00:00,-602.475974377732,0
2014-12-04 12:00:00,-187.43782465876495,0
2014-12-04 13:00:00,125.55005303394199,0
2014-12-04 14:00:00,662.044454760851,0
2014-12-04 15:00:00,1057.89340784102,0
2014-12-04 16:00:00,1525.1052691712198,0
2014-12-04 17:00:00,1708.7019096909805,0
2014-12-04 18:00:00,1610.08067238968,0
2014-12-04 19:00:00,1485.02443536981,0
2014-12-04 20:00:00,1054.23550690919,0
2014-12-04 21:00:00,571.587128072376,0
2014-12-04 22:00:00,248.26762295007703,0
2014-12-04 23:00:00,-15.503107096538699,0
2014-12-05 00:00:00,118.072496485125,0
2014-12-05 01:00:00,400.236215349449,0
2014-12-05 02:00:00,548.565705479135,0
2014-12-05 03:00:00,874.350900222754,0
2014-12-05 04:00:00,1232.47136624857,0
2014-12-05 05:00:00,882.170220636905,0
2014-12-05 06:00:00,1023.9539508307801,0
2014-12-05 07:00:00,765.4805686178529,0
2014-12-05 08:00:00,299.795753657059,0
2014-12-05 09:00:00,-216.032839526119,0
2014-12-05 10:00:00,-491.85075986901495,0
2014-12-05 11:00:00,-537.786285849243,0
2014-12-05 12:00:00,-399.209663769407,0
2014-12-05 13:00:00,-89.79011443882109,0
2014-12-05 14:00:00,556.0695086924051,0
2014-12-05 15:00:00,1381.4234864863904,0
2014-12-05 16:00:00,1524.22333633901,0
2014-12-05 17:00:00,1822.69105831978,0
2014-12-05 18:00:00,1725.67369485129,0
2014-12-05 19:00:00,1411.6288046987604,0
2014-12-05 20:00:00,1000.76284441933,0
2014-12-05 21:00:00,617.854202371627,0
2014-12-05 22:00:00,178.250173259058,0
2014-12-05 23:00:00,225.077442104344,0
2014-12-06 00:00:00,212.75108739164799,0
2014-12-06 01:00:00,397.25130652191,0
2014-12-06 02:00:00,812.9210262341692,0
2014-12-06 03:00:00,1198.75423571311,0
2014-12-06 04:00:00,1469.81585887021,0
2014-12-06 05:00:00,1542.3872449157502,0
2014-12-06 06:00:00,1268.01342850721,0
2014-12-06 07:00:00,905.774335830881,0
2014-12-06 08:00:00,232.61105499847,0
2014-12-06 09:00:00,151.427564635522,0
2014-12-06 10:00:00,-456.835279032224,0
2014-12-06 11:00:00,-538.120223065917,0
2014-12-06 12:00:00,-267.833362262873,0
2014-12-06 13:00:00,432.384871809097,0
2014-12-06 14:00:00,904.8528733055588,0
2014-12-06 15:00:00,982.879069101652,0
2014-12-06 16:00:00,1779.09958037434,0
2014-12-06 17:00:00,2082.51818934735,0
2014-12-06 18:00:00,1739.02303347255,0
2014-12-06 19:00:00,1673.47796965991,0
2014-12-06 20:00:00,1031.5586973350698,0
2014-12-06 21:00:00,791.1492116991051,0
2014-12-06 22:00:00,251.729949214547,0
2014-12-06 23:00:00,407.74028502666494,0
2014-12-07 00:00:00,221.608855061339,0
2014-12-07 01:00:00,470.870229865253,0
2014-12-07 02:00:00,929.514529333318,0
2014-12-07 03:00:00,1372.64828878228,0
2014-12-07 04:00:00,1483.3403718059699,0
2014-12-07 05:00:00,1400.78470952737,0
2014-12-07 06:00:00,1277.73719619605,0
2014-12-07 07:00:00,1071.71329550444,0
2014-12-07 08:00:00,574.7655469131802,0
2014-12-07 09:00:00,179.72802844668098,0
2014-12-07 10:00:00,-17.4071286065996,0
2014-12-07 11:00:00,1.6709003798003998,0
2014-12-07 12:00:00,-78.3076463947647,0
2014-12-07 13:00:00,437.925752920506,0
2014-12-07 14:00:00,1037.96152786421,0
2014-12-07 15:00:00,1704.69319542018,0
2014-12-07 16:00:00,2232.32603014864,0
2014-12-07 17:00:00,2290.44831749002,0
2014-12-07 18:00:00,2113.84999035365,0
2014-12-07 19:00:00,1909.60596678192,0
2014-12-07 20:00:00,1477.9066044968201,0
2014-12-07 21:00:00,1029.2160025757198,0
2014-12-07 22:00:00,604.632365437609,0
2014-12-07 23:00:00,534.061765707057,0
2014-12-08 00:00:00,418.06963837232803,0
2014-12-08 01:00:00,877.1727248520572,0
2014-12-08 02:00:00,1025.09071995564,0
2014-12-08 03:00:00,1772.8550899331399,0
2014-12-08 04:00:00,1721.43886057887,0
2014-12-08 05:00:00,1965.63981867899,0
2014-12-08 06:00:00,1769.28846041155,0
2014-12-08 07:00:00,1312.0561214823,0
2014-12-08 08:00:00,1064.62992627173,0
2014-12-08 09:00:00,509.326662972885,0
2014-12-08 10:00:00,137.384448199264,0
2014-12-08 11:00:00,342.381031130945,0
2014-12-08 12:00:00,295.664150364217,0
2014-12-08 13:00:00,795.295784151736,0
2014-12-08 14:00:00,1249.37658367989,0
2014-12-08 15:00:00,1823.1025415256895,0
2014-12-08 16:00:00,2197.92841078044,0
2014-12-08 17:00:00,2470.43000178068,0
2014-12-08 18:00:00,2385.6170224505,0
2014-12-08 19:00:00,2101.85219161466,0
2014-12-08 20:00:00,1639.3547915635502,0
2014-12-08 21:00:00,1077.35350905389,0
2014-12-08 22:00:00,638.0241068362291,0
2014-12-08 23:00:00,722.027780495484,0
2014-12-09 00:00:00,897.495563429232,0
2014-12-09 01:00:00,665.957319368873,0
2014-12-09 02:00:00,1385.6638441153698,0
2014-12-09 03:00:00,1618.48078294145,0
2014-12-09 04:00:00,2027.81907203338,0
2014-12-09 05:00:00,1619.47029467944,0
2014-12-09 06:00:00,2032.53636077604,0
2014-12-09 07:00:00,1556.57975850335,0
2014-12-09 08:00:00,1069.23012841936,0
2014-12-09 09:00:00,802.350061822179,0
2014-12-09 10:00:00,309.088234572347,0
2014-12-09 11:00:00,355.560987710724,0
2014-12-09 12:00:00,488.420751867017,0
2014-12-09 13:00:00,701.5339537281088,0
2014-12-09 14:00:00,1210.9605976466698,0
2014-12-09 15:00:00,1959.0447029883896,0
2014-12-09 16:00:00,2360.65306317638,0
2014-12-09 17:00:00,2624.97045693571,0
2014-12-09 18:00:00,2347.44505630092,0
2014-12-09 19:00:00,2211.6285896311497,0
2014-12-09 20:00:00,1744.93921696938,0
2014-12-09 21:00:00,1131.00088740305,0
2014-12-09 22:00:00,899.145941871731,0
2014-12-09 23:00:00,681.944420771109,0
2014-12-10 00:00:00,798.649467340407,0
2014-12-10 01:00:00,1118.94889576482,0
2014-12-10 02:00:00,1186.07196817362,0
2014-12-10 03:00:00,1769.60781204404,0
2014-12-10 04:00:00,1875.98772298975,0
2014-12-10 05:00:00,2093.32986307197,0
2014-12-10 06:00:00,1780.7348522398395,0
2014-12-10 07:00:00,1453.37118887707,0
2014-12-10 08:00:00,1015.67852303597,0
2014-12-10 09:00:00,501.502128268264,0
2014-12-10 10:00:00,213.599882135771,0
2014-12-10 11:00:00,49.363312752805214,0
2014-12-10 12:00:00,263.572498628557,0
2014-12-10 13:00:00,856.3149367327728,0
2014-12-10 14:00:00,1275.29574156703,0
2014-12-10 15:00:00,2099.65211809335,0
2014-12-10 16:00:00,2411.99496479103,0
2014-12-10 17:00:00,2450.3062496449693,0
2014-12-10 18:00:00,2287.6030068762398,0
2014-12-10 19:00:00,2184.36540907943,0
2014-12-10 20:00:00,1693.59876581249,0
2014-12-10 21:00:00,1241.60370737284,0
2014-12-10 22:00:00,739.267213649994,0
2014-12-10 23:00:00,575.611976563897,0
2014-12-11 00:00:00,717.335831934741,0
2014-12-11 01:00:00,815.3882790679761,0
2014-12-11 02:00:00,1321.64246861917,0
2014-12-11 03:00:00,1675.51317389341,0
2014-12-11 04:00:00,1881.2565517524301,0
2014-12-11 05:00:00,1799.9770015209501,0
2014-12-11 06:00:00,1568.88122249792,0
2014-12-11 07:00:00,1189.70631630032,0
2014-12-11 08:00:00,833.760156899151,0
2014-12-11 09:00:00,271.966740565034,0
2014-12-11 10:00:00,-5.77490477247164,0
2014-12-11 11:00:00,299.54619553286096,0
2014-12-11 12:00:00,168.727260836368,0
2014-12-11 13:00:00,630.910197692777,0
2014-12-11 14:00:00,1285.77384685333,0
2014-12-11 15:00:00,1594.5794392912899,0
2014-12-11 16:00:00,2049.6635407858303,0
2014-12-11 17:00:00,2273.6639871066395,0
2014-12-11 18:00:00,2296.47503559846,0
2014-12-11 19:00:00,1948.90258882902,0
2014-12-11 20:00:00,1511.89939322935,0
2014-12-11 21:00:00,1050.87657721068,0
2014-12-11 22:00:00,767.504859284953,0
2014-12-11 23:00:00,498.09003181018204,0
2014-12-12 00:00:00,552.276782327845,0
2014-12-12 01:00:00,1048.2110210138699,0
2014-12-12 02:00:00,1016.0224164049699,0
2014-12-12 03:00:00,1531.63856562199,0
2014-12-12 04:00:00,1739.5906232279501,0
2014-12-12 05:00:00,1758.24926772089,0
2014-12-12 06:00:00,1503.1178769989701,0
2014-12-12 07:00:00,1062.87478664529,0
2014-12-12 08:00:00,728.674654216248,0
2014-12-12 09:00:00,196.395681360914,0
2014-12-12 10:00:00,-54.61296597063,0
2014-12-12 11:00:00,195.714996511385,0
2014-12-12 12:00:00,240.17242444378,0
2014-12-12 13:00:00,467.219381796845,0
2014-12-12 14:00:00,969.7121925728128,0
2014-12-12 15:00:00,1648.64925314837,0
2014-12-12 16:00:00,2208.67849312067,0
2014-12-12 17:00:00,2169.69007209685,0
2014-12-12 18:00:00,2273.85184419238,0
2014-12-12 19:00:00,1824.47748712376,0
2014-12-12 20:00:00,1592.75120943555,0
2014-12-12 21:00:00,925.476599980356,0
2014-12-12 22:00:00,517.23016944293,0
2014-12-12 23:00:00,460.566071052064,0
2014-12-13 00:00:00,694.217635714583,0
2014-12-13 01:00:00,900.513938698419,0
2014-12-13 02:00:00,1261.78843941465,0
2014-12-13 03:00:00,1557.96434868953,0
2014-12-13 04:00:00,1846.96489478867,0
2014-12-13 05:00:00,1873.12828348164,0
2014-12-13 06:00:00,1346.22189087989,0
2014-12-13 07:00:00,1321.09470374859,0
2014-12-13 08:00:00,809.301284695959,0
2014-12-13 09:00:00,344.92902129154,0
2014-12-13 10:00:00,39.6566067133909,0
2014-12-13 11:00:00,143.713732220791,0
2014-12-13 12:00:00,165.424202902562,0
2014-12-13 13:00:00,739.326097496242,0
2014-12-13 14:00:00,1157.6246673693902,0
2014-12-13 15:00:00,1739.23316013848,0
2014-12-13 16:00:00,2340.11695140782,0
2014-12-13 17:00:00,2496.4758787628602,0
2014-12-13 18:00:00,2162.45227170938,0
2014-12-13 19:00:00,2053.19369414807,0
2014-12-13 20:00:00,1536.5459189727999,0
2014-12-13 21:00:00,1144.60841946931,0
2014-12-13 22:00:00,1058.26724705693,0
2014-12-13 23:00:00,703.7557480894452,0
2014-12-14 00:00:00,682.436012934153,0
2014-12-14 01:00:00,1002.39946628303,0
2014-12-14 02:00:00,1367.44752647611,0
2014-12-14 03:00:00,1611.0344164016199,0
2014-12-14 04:00:00,2020.54305219101,0
2014-12-14 05:00:00,2109.4856194549498,0
2014-12-14 06:00:00,1673.2383000265195,0
2014-12-14 07:00:00,1532.78137166726,0
2014-12-14 08:00:00,1048.5519485750501,0
2014-12-14 09:00:00,485.705289737617,0
2014-12-14 10:00:00,449.050162984946,0
2014-12-14 11:00:00,488.091458627449,0
2014-12-14 12:00:00,467.4424321992151,0
2014-12-14 13:00:00,940.8586791832132,0
2014-12-14 14:00:00,1695.16767320068,0
2014-12-14 15:00:00,2234.68737384945,0
2014-12-14 16:00:00,2669.0316881523604,0
2014-12-14 17:00:00,2873.4875698320598,0
2014-12-14 18:00:00,2480.4708588785998,0
2014-12-14 19:00:00,2234.92609758845,0
2014-12-14 20:00:00,1833.20355556659,0
2014-12-14 21:00:00,1538.65844040659,0
2014-12-14 22:00:00,1119.8658183307,0
2014-12-14 23:00:00,1107.1950753666804,0
2014-12-15 00:00:00,921.307915850986,0
2014-12-15 01:00:00,1379.54144817823,0
2014-12-15 02:00:00,1765.4907840636802,0
2014-12-15 03:00:00,2012.92083021448,0
2014-12-15 04:00:00,2436.3310994195103,0
2014-12-15 05:00:00,2297.97868227062,0
2014-12-15 06:00:00,2062.70892953468,0
2014-12-15 07:00:00,1700.35368992231,0
2014-12-15 08:00:00,1351.92447265682,0
2014-12-15 09:00:00,1213.26230147291,0
2014-12-15 10:00:00,674.9317529567151,0
2014-12-15 11:00:00,517.7089906507811,0
2014-12-15 12:00:00,760.5629522018428,0
2014-12-15 13:00:00,1475.42490762443,0
2014-12-15 14:00:00,1751.6201150632098,0
2014-12-15 15:00:00,2474.6882208114002,0
2014-12-15 16:00:00,2569.23884180279,0
2014-12-15 17:00:00,3014.80925183524,0
2014-12-15 18:00:00,2933.75102926953,0
2014-12-15 19:00:00,2587.72425481617,0
2014-12-15 20:00:00,2098.80023877058,0
2014-12-15 21:00:00,1847.13784229688,0
2014-12-15 22:00:00,1398.18389207469,0
2014-12-15 23:00:00,1422.64979739728,0
2014-12-16 00:00:00,1223.8403376564302,0
2014-12-16 01:00:00,1473.8615596101804,0
2014-12-16 02:00:00,1925.9400219923496,0
2014-12-16 03:00:00,2126.39851160738,0
2014-12-16 04:00:00,2600.53992027782,0
2014-12-16 05:00:00,2396.66000325578,0
2014-12-16 06:00:00,2352.0021102941,0
2014-12-16 07:00:00,2020.0362984447504,0
2014-12-16 08:00:00,1594.66062652284,0
2014-12-16 09:00:00,1166.84615172062,0
2014-12-16 10:00:00,529.429076950648,0
2014-12-16 11:00:00,455.58037219198195,0
2014-12-16 12:00:00,994.3074604445328,0
2014-12-16 13:00:00,1505.26565665955,0
2014-12-16 14:00:00,1748.63332919063,0
2014-12-16 15:00:00,2484.7906389589198,0
2014-12-16 16:00:00,2716.89406086443,0
2014-12-16 17:00:00,2923.70640294645,0
2014-12-16 18:00:00,3003.59192649867,0
2014-12-16 19:00:00,2646.0379114176103,0
2014-12-16 20:00:00,2321.49877773846,0
2014-12-16 21:00:00,1776.1994484795102,0
2014-12-16 22:00:00,1554.99066369017,0
2014-12-16 23:00:00,1232.0212401046401,0
2014-12-17 00:00:00,1421.7917434998099,0
2014-12-17 01:00:00,1559.84491351368,0
2014-12-17 02:00:00,1688.65447629061,0
2014-12-17 03:00:00,2307.9538151045103,0
2014-12-17 04:00:00,2556.55515672882,0
2014-12-17 05:00:00,2788.31087506392,0
2014-12-17 06:00:00,2371.4700509038003,0
2014-12-17 07:00:00,1894.8436580982998,0
2014-12-17 08:00:00,1390.54753511727,0
2014-12-17 09:00:00,1019.79285129787,0
2014-12-17 10:00:00,915.76140998733,0
2014-12-17 11:00:00,794.720272709921,0
2014-12-17 12:00:00,704.2672361062988,0
2014-12-17 13:00:00,1219.24761954934,0
2014-12-17 14:00:00,1835.08327861283,0
2014-12-17 15:00:00,2571.28402938118,0
2014-12-17 16:00:00,2877.91369388045,0
2014-12-17 17:00:00,3092.0956373313397,0
2014-12-17 18:00:00,2922.8940371642198,0
2014-12-17 19:00:00,2683.62707143345,0
2014-12-17 20:00:00,2165.48308438213,0
2014-12-17 21:00:00,1529.72407833436,0
2014-12-17 22:00:00,1378.5130255892498,0
2014-12-17 23:00:00,1085.12620617233,0
2014-12-18 00:00:00,1131.86850808914,0
2014-12-18 01:00:00,1447.10055436262,0
2014-12-18 02:00:00,1954.0408904819296,0
2014-12-18 03:00:00,2048.09127945946,0
2014-12-18 04:00:00,2099.1798439436498,0
2014-12-18 05:00:00,2465.50463421693,0
2014-12-18 06:00:00,2288.80018051154,0
2014-12-18 07:00:00,1804.6825593232504,0
2014-12-18 08:00:00,1561.66924470698,0
2014-12-18 09:00:00,966.771280318987,0
2014-12-18 10:00:00,522.086990916402,0
2014-12-18 11:00:00,563.411180504851,0
2014-12-18 12:00:00,581.770126242353,0
2014-12-18 13:00:00,1343.32994814873,0
2014-12-18 14:00:00,1999.51448879632,0
2014-12-18 15:00:00,2143.79826144173,0
2014-12-18 16:00:00,2764.40310870414,0
2014-12-18 17:00:00,2703.1213025186303,0
2014-12-18 18:00:00,2640.6526735545103,0
2014-12-18 19:00:00,2702.9842526214,0
2014-12-18 20:00:00,2189.38922666821,0
2014-12-18 21:00:00,1493.36318290496,0
2014-12-18 22:00:00,1199.60613162259,0
2014-12-18 23:00:00,1238.8429038270501,0
2014-12-19 00:00:00,1019.7571572150599,0
2014-12-19 01:00:00,1608.8299495030801,0
2014-12-19 02:00:00,1837.45458740832,0
2014-12-19 03:00:00,1975.6461813533301,0
2014-12-19 04:00:00,2175.33905283655,0
2014-12-19 05:00:00,2137.60274164744,0
2014-12-19 06:00:00,2253.82755181453,0
2014-12-19 07:00:00,1504.7584893434198,0
2014-12-19 08:00:00,1379.52973274671,0
2014-12-19 09:00:00,886.4130402149631,0
2014-12-19 10:00:00,683.0169999505259,0
2014-12-19 11:00:00,512.269727002559,0
2014-12-19 12:00:00,731.4482954627182,0
2014-12-19 13:00:00,1051.7140701461099,0
2014-12-19 14:00:00,1526.0730592918399,0
2014-12-19 15:00:00,2121.44206115107,0
2014-12-19 16:00:00,2635.55778202566,0
2014-12-19 17:00:00,2991.40653635023,0
2014-12-19 18:00:00,2805.1979886895397,0
2014-12-19 19:00:00,2228.37836007217,0
2014-12-19 20:00:00,2192.16033052447,0
2014-12-19 21:00:00,1421.84916120357,0
2014-12-19 22:00:00,1420.72478894392,0
2014-12-19 23:00:00,1201.12803763881,0
2014-12-20 00:00:00,1230.32677807677,0
2014-12-20 01:00:00,1233.57735309126,0
2014-12-20 02:00:00,1619.7301630480802,0
2014-12-20 03:00:00,2074.14938572529,0
2014-12-20 04:00:00,2209.28116262599,0
2014-12-20 05:00:00,2331.54229683803,0
2014-12-20 06:00:00,2292.1624938648897,0
2014-12-20 07:00:00,1721.11197627018,0
2014-12-20 08:00:00,1052.20855278346,0
2014-12-20 09:00:00,900.315752355808,0
2014-12-20 10:00:00,438.66403455618894,0
2014-12-20 11:00:00,752.193884265803,0
2014-12-20 12:00:00,717.0309252686618,0
2014-12-20 13:00:00,1381.3933834440802,0
2014-12-20 14:00:00,1749.6512840581302,0
2014-12-20 15:00:00,2028.88393126924,0
2014-12-20 16:00:00,2778.20566315834,0
2014-12-20 17:00:00,2767.7130991556105,0
2014-12-20 18:00:00,2943.2567704216804,0
2014-12-20 19:00:00,2605.40193035724,0
2014-12-20 20:00:00,2131.88066978843,0
2014-12-20 21:00:00,1539.81592896529,0
2014-12-20 22:00:00,1549.84697997011,0
2014-12-20 23:00:00,1409.8763798353198,0
2014-12-21 00:00:00,1272.27067221014,0
2014-12-21 01:00:00,1459.77190583936,0
2014-12-21 02:00:00,1913.0851769808896,0
2014-12-21 03:00:00,2291.0256178285103,0
2014-12-21 04:00:00,2610.61571886584,0
2014-12-21 05:00:00,2599.56240098575,0
2014-12-21 06:00:00,2427.2330594641603,0
2014-12-21 07:00:00,2359.4035869077898,0
2014-12-21 08:00:00,1672.7363570570499,0
2014-12-21 09:00:00,1074.72768637941,0
2014-12-21 10:00:00,766.1854966503239,0
2014-12-21 11:00:00,871.7409377692751,0
2014-12-21 12:00:00,821.398324806134,0
2014-12-21 13:00:00,1515.5004035051404,0
2014-12-21 14:00:00,2133.32766426452,0
2014-12-21 15:00:00,2570.68669911807,0
2014-12-21 16:00:00,3296.3629175150104,0
2014-12-21 17:00:00,3055.8720909413896,0
2014-12-21 18:00:00,3144.6565291221996,0
2014-12-21 19:00:00,2927.9896949815693,0
2014-12-21 20:00:00,2497.82195593424,0
2014-12-21 21:00:00,1897.91546885348,0
2014-12-21 22:00:00,1675.97920990323,0
2014-12-21 23:00:00,1743.20925116826,0
2014-12-22 00:00:00,1414.5457210657,0
2014-12-22 01:00:00,1518.4086485361902,0
2014-12-22 02:00:00,2181.1752130398604,0
2014-12-22 03:00:00,2664.4395233412,0
2014-12-22 04:00:00,2810.95404273864,0
2014-12-22 05:00:00,2815.836518563789,0
2014-12-22 06:00:00,2606.92865281133,0
2014-12-22 07:00:00,2332.32789258451,0
2014-12-22 08:00:00,1827.5724478458496,0
2014-12-22 09:00:00,1341.45798252486,0
2014-12-22 10:00:00,1085.93490990034,0
2014-12-22 11:00:00,1119.53034680256,0
2014-12-22 12:00:00,1411.58160840299,0
2014-12-22 13:00:00,1786.0893551997,0
2014-12-22 14:00:00,2323.67624920656,0
2014-12-22 15:00:00,2840.2461131256405,0
2014-12-22 16:00:00,3258.711154380689,0
2014-12-22 17:00:00,3463.2952070836104,0
2014-12-22 18:00:00,3330.507648092311,0
2014-12-22 19:00:00,3005.15856400409,0
2014-12-22 20:00:00,2736.00846780023,0
2014-12-22 21:00:00,1905.8425343503602,0
2014-12-22 22:00:00,1824.0283236457199,0
2014-12-22 23:00:00,1443.2583295351199,0
2014-12-23 00:00:00,1584.64171532754,0
2014-12-23 01:00:00,2133.5926325259397,0
2014-12-23 02:00:00,2395.74960575573,0
2014-12-23 03:00:00,2679.02606058134,0
2014-12-23 04:00:00,3052.1154212278,0
2014-12-23 05:00:00,3117.55778327807,0
2014-12-23 06:00:00,2805.05418816351,0
2014-12-23 07:00:00,2365.75732532281,0
2014-12-23 08:00:00,1878.34859954341,0
2014-12-23 09:00:00,1417.93583994039,0
2014-12-23 10:00:00,1386.94794324951,0
2014-12-23 11:00:00,1063.23574994719,0
2014-12-23 12:00:00,1484.39238232482,0
2014-12-23 13:00:00,1800.4978047523605,0
2014-12-23 14:00:00,2234.95125084492,0
2014-12-23 15:00:00,2970.76895724282,0
2014-12-23 16:00:00,3424.29268867112,0
2014-12-23 17:00:00,3426.00554107467,0
2014-12-23 18:00:00,3427.41833425341,0
2014-12-23 19:00:00,3155.31194515093,0
2014-12-23 20:00:00,2824.0728707184003,0
2014-12-23 21:00:00,2329.74053505215,0
2014-12-23 22:00:00,2190.81830444966,0
2014-12-23 23:00:00,1809.399565157,0
2014-12-24 00:00:00,1774.9381891919504,0
2014-12-24 01:00:00,2349.59506627222,0
2014-12-24 02:00:00,2589.82346035717,0
2014-12-24 03:00:00,2706.000289866,0
2014-12-24 04:00:00,3151.11759997648,0
2014-12-24 05:00:00,2822.1557937796697,0
2014-12-24 06:00:00,2891.0927033696807,0
2014-12-24 07:00:00,2405.31733159962,0
2014-12-24 08:00:00,2053.9260984765,0
2014-12-24 09:00:00,1532.22655049961,0
2014-12-24 10:00:00,1332.28248573141,0
2014-12-24 11:00:00,1425.99973644239,0
2014-12-24 12:00:00,1453.10887065719,0
2014-12-24 13:00:00,1864.22039441188,0
2014-12-24 14:00:00,2421.02675732749,0
2014-12-24 15:00:00,2788.05012811073,0
2014-12-24 16:00:00,3261.0054869984197,0
2014-12-24 17:00:00,3267.05086769334,0
2014-12-24 18:00:00,3440.20097536914,0
2014-12-24 19:00:00,3174.34590877164,0
2014-12-24 20:00:00,2708.78763232103,0
2014-12-24 21:00:00,2064.4281758304896,0
2014-12-24 22:00:00,1922.5586931257694,0
2014-12-24 23:00:00,1803.91394555619,0
2014-12-25 00:00:00,1820.1021025636999,0
2014-12-25 01:00:00,1890.03217588663,0
2014-12-25 02:00:00,2366.39939712413,0
2014-12-25 03:00:00,2895.5327238671607,0
2014-12-25 04:00:00,2755.1213700069293,0
2014-12-25 05:00:00,2886.2803928221197,0
2014-12-25 06:00:00,2747.20350547596,0
2014-12-25 07:00:00,2409.6099850546602,0
2014-12-25 08:00:00,1659.1374555234802,0
2014-12-25 09:00:00,1398.19821400935,0
2014-12-25 10:00:00,1205.6430938247,0
2014-12-25 11:00:00,1144.64599892315,0
2014-12-25 12:00:00,1374.42872585095,0
2014-12-25 13:00:00,1612.4654432403302,0
2014-12-25 14:00:00,2307.6541341994102,0
2014-12-25 15:00:00,2793.04682690442,0
2014-12-25 16:00:00,3136.25241026942,0
2014-12-25 17:00:00,3329.0110272509496,0
2014-12-25 18:00:00,3106.79355832868,0
2014-12-25 19:00:00,3316.20389406722,0
2014-12-25 20:00:00,2513.64733510954,0
2014-12-25 21:00:00,2111.69041745392,0
2014-12-25 22:00:00,1650.4663636616199,0
2014-12-25 23:00:00,1478.9198894257001,0
2014-12-26 00:00:00,1553.3669554229098,0
2014-12-26 01:00:00,1808.8807942316,0
2014-12-26 02:00:00,2037.75137894015,0
2014-12-26 03:00:00,2555.07093380359,0
2014-12-26 04:00:00,2821.80771133418,0
2014-12-26 05:00:00,2793.13855345294,0
2014-12-26 06:00:00,2619.39816525034,0
2014-12-26 07:00:00,2385.1451156160897,0
2014-12-26 08:00:00,1636.5999763814002,0
2014-12-26 09:00:00,1022.84891822334,0
2014-12-26 10:00:00,1190.9353172915899,0
2014-12-26 11:00:00,1111.60868693301,0
2014-12-26 12:00:00,1149.8416120578802,0
2014-12-26 13:00:00,1475.8638524352805,0
2014-12-26 14:00:00,2392.7863595448002,0
2014-12-26 15:00:00,2572.94917989221,0
2014-12-26 16:00:00,2910.8788109975603,0
2014-12-26 17:00:00,3177.16843801754,0
2014-12-26 18:00:00,3148.9507662056208,0
2014-12-26 19:00:00,3010.7209300723803,0
2014-12-26 20:00:00,2281.4239359013395,0
2014-12-26 21:00:00,2176.46182245258,0
2014-12-26 22:00:00,1711.13734627382,0
2014-12-26 23:00:00,1574.78004139095,0
2014-12-27 00:00:00,1672.31680976249,0
2014-12-27 01:00:00,1764.78383255968,0
2014-12-27 02:00:00,2195.88311954529,0
2014-12-27 03:00:00,2502.77783592203,0
2014-12-27 04:00:00,2634.4555288378697,0
2014-12-27 05:00:00,2957.109781447911,0
2014-12-27 06:00:00,2779.6785144413698,0
2014-12-27 07:00:00,2516.68224948665,0
2014-12-27 08:00:00,1946.07619954298,0
2014-12-27 09:00:00,1421.81374736846,0
2014-12-27 10:00:00,1066.63198238995,0
2014-12-27 11:00:00,916.981060071368,0
2014-12-27 12:00:00,1342.5831531210902,0
2014-12-27 13:00:00,1752.2992031266,0
2014-12-27 14:00:00,2142.42216793184,0
2014-12-27 15:00:00,2749.53848422302,0
2014-12-27 16:00:00,3071.45436433161,0
2014-12-27 17:00:00,3493.14789426129,0
2014-12-27 18:00:00,3268.41645909077,0
2014-12-27 19:00:00,3090.63614132147,0
2014-12-27 20:00:00,2727.72851533919,0
2014-12-27 21:00:00,2069.70833556418,0
2014-12-27 22:00:00,1929.4920436906305,0
2014-12-27 23:00:00,1766.2175396625305,0
2014-12-28 00:00:00,1885.7663879397198,0
2014-12-28 01:00:00,1819.9169300123,0
2014-12-28 02:00:00,2284.00788168827,0
2014-12-28 03:00:00,2650.8425342699397,0
2014-12-28 04:00:00,3062.13453453164,0
2014-12-28 05:00:00,3076.96418178157,0
2014-12-28 06:00:00,2829.47185599262,0
2014-12-28 07:00:00,2750.0366490193105,0
2014-12-28 08:00:00,2107.28123606626,0
2014-12-28 09:00:00,1755.10150010141,0
2014-12-28 10:00:00,1393.30518382081,0
2014-12-28 11:00:00,1431.52153200758,0
2014-12-28 12:00:00,1548.0112561014996,0
2014-12-28 13:00:00,1873.5470511859805,0
2014-12-28 14:00:00,2518.16002457561,0
2014-12-28 15:00:00,2563.13027538043,0
2014-12-28 16:00:00,2613.9299163885603,0
2014-12-28 17:00:00,2637.10227443764,0
2014-12-28 18:00:00,2623.63648042042,0
2014-12-28 19:00:00,2607.57857317284,0
2014-12-28 20:00:00,2553.74608698293,0
2014-12-28 21:00:00,2500.65399806912,0
2014-12-28 22:00:00,2470.98221470272,0
2014-12-28 23:00:00,2452.7291364975,0
2014-12-29 00:00:00,2437.6481296820198,0
2014-12-29 01:00:00,2476.01160579277,0
2014-12-29 02:00:00,2491.1322326073,0
2014-12-29 03:00:00,2526.50461703704,0
2014-12-29 04:00:00,2576.98170080332,0
2014-12-29 05:00:00,2544.68867788406,0
2014-12-29 06:00:00,2521.85460262811,0
2014-12-29 07:00:00,2498.4886208202693,0
2014-12-29 08:00:00,2465.7589667932,0
2014-12-29 09:00:00,2407.53384601663,0
2014-12-29 10:00:00,2369.95672537723,0
2014-12-29 11:00:00,2324.54025354126,0
2014-12-29 12:00:00,2384.15188916816,0
2014-12-29 13:00:00,2408.38945610596,0
2014-12-29 14:00:00,2468.18135164812,0
2014-12-29 15:00:00,2533.51546118817,0
2014-12-29 16:00:00,2579.2023722503304,0
2014-12-29 17:00:00,2571.96222066718,0
2014-12-29 18:00:00,2557.0355900970603,0
2014-12-29 19:00:00,2540.65017683837,0
2014-12-29 20:00:00,2471.09482363619,0
2014-12-29 21:00:00,2457.88471002424,0
2014-12-29 22:00:00,2386.5645475138604,0
2014-12-29 23:00:00,2371.0549818026197,0
2014-12-30 00:00:00,2357.34079164349,0
2014-12-30 01:00:00,2401.38788348645,0
2014-12-30 02:00:00,2415.90030057971,0
2014-12-30 03:00:00,2457.4128929139,0
2014-12-30 04:00:00,2503.28406815075,0
2014-12-30 05:00:00,2498.54398479829,0
2014-12-30 06:00:00,2467.90828625333,0
2014-12-30 07:00:00,2411.3646857833,0
2014-12-30 08:00:00,2360.8712373241897,0
2014-12-30 09:00:00,2308.59656228922,0
2014-12-30 10:00:00,2272.40116636925,0
2014-12-30 11:00:00,2287.79063389869,0
2014-12-30 12:00:00,2302.25814597462,0
2014-12-30 13:00:00,2335.09869585246,0
2014-12-30 14:00:00,2384.29473253449,0
2014-12-30 15:00:00,2457.33948434234,0
2014-12-30 16:00:00,2486.10530709492,0
2014-12-30 17:00:00,2512.12934329779,0
2014-12-30 18:00:00,2523.1472816414303,0
2014-12-30 19:00:00,2470.92847475367,0
2014-12-30 20:00:00,2450.31555221577,0
2014-12-30 21:00:00,2343.3769472016197,0
2014-12-30 22:00:00,2313.77279660735,0
2014-12-30 23:00:00,2297.06328791894,0
2014-12-31 00:00:00,2287.12004012458,0
2014-12-31 01:00:00,2330.44413420093,0
2014-12-31 02:00:00,2363.78088226735,0
2014-12-31 03:00:00,2375.48745689553,0
2014-12-31 04:00:00,2428.7378725730605,0
2014-12-31 05:00:00,2409.5676252786498,0
2014-12-31 06:00:00,2388.02799355279,0
2014-12-31 07:00:00,2340.2908975932,0
2014-12-31 08:00:00,2273.47301257046,0
2014-12-31 09:00:00,2225.08318037496,0
2014-12-31 10:00:00,2205.45192220383,0
2014-12-31 11:00:00,2232.00069912607,0
2014-12-31 12:00:00,2226.83332066734,0
2014-12-31 13:00:00,2267.24898851432,0
2014-12-31 14:00:00,2321.5415796849898,0
2014-12-31 15:00:00,2375.24048457888,0
2014-12-31 16:00:00,2408.76200445509,0
2014-12-31 17:00:00,2426.8041290863002,0
2014-12-31 18:00:00,2416.35855806668,0
2014-12-31 19:00:00,2393.70849957427,0
2014-12-31 20:00:00,2339.144982799,0
2014-12-31 21:00:00,2295.80148454582,0
2014-12-31 22:00:00,2217.96949294943,0
2014-12-31 23:00:00,2187.47292552405,0
2015-01-01 00:00:00,2193.31595824686,0
2015-01-01 01:00:00,2253.0170785546493,0
2015-01-01 02:00:00,2268.42919354339,0
2015-01-01 03:00:00,2307.70167556661,0
2015-01-01 04:00:00,2289.89518951648,0
2015-01-01 05:00:00,2321.3438121806103,0
2015-01-01 06:00:00,2320.8508446485102,0
2015-01-01 07:00:00,2248.8013843924696,0
2015-01-01 08:00:00,2188.38554531874,0
2015-01-01 09:00:00,2128.38620225603,0
2015-01-01 10:00:00,2125.90972672474,0
2015-01-01 11:00:00,2094.38624049201,0
2015-01-01 12:00:00,2123.6063586464898,0
2015-01-01 13:00:00,2172.09281654303,0
2015-01-01 14:00:00,2203.43820410501,0
2015-01-01 15:00:00,2301.4174339195997,0
2015-01-01 16:00:00,2317.16235884592,0
2015-01-01 17:00:00,2339.4998465598896,0
2015-01-01 18:00:00,2328.18769270352,0
2015-01-01 19:00:00,2292.83396981968,0
2015-01-01 20:00:00,2256.186855385089,0
2015-01-01 21:00:00,2170.44129449351,0
2015-01-01 22:00:00,2124.90574280501,0
2015-01-01 23:00:00,2127.69392089752,0
2015-01-02 00:00:00,2099.63219825815,0
2015-01-02 01:00:00,2156.14538734752,0
2015-01-02 02:00:00,2174.9498201969395,0
2015-01-02 03:00:00,2187.7061390418,0
2015-01-02 04:00:00,2231.301844364,0
2015-01-02 05:00:00,2255.75882648129,0
2015-01-02 06:00:00,2207.73562426951,0
2015-01-02 07:00:00,2181.4253139025,0
2015-01-02 08:00:00,2096.0721672495997,0
2015-01-02 09:00:00,2048.83248084648,0
2015-01-02 10:00:00,2053.06185658865,0
2015-01-02 11:00:00,2016.1917112819,0
2015-01-02 12:00:00,2026.89442911078,0
2015-01-02 13:00:00,2062.94139873203,0
2015-01-02 14:00:00,2130.2077649721105,0
2015-01-02 15:00:00,2180.75244370387,0
2015-01-02 16:00:00,2230.2560229729197,0
2015-01-02 17:00:00,2271.10405428495,0
2015-01-02 18:00:00,2228.43054877699,0
2015-01-02 19:00:00,2188.4627190166198,0
2015-01-02 20:00:00,2154.76322849803,0
2015-01-02 21:00:00,2078.96392394827,0
2015-01-02 22:00:00,2052.2245580465697,0
2015-01-02 23:00:00,2046.39799672932,0
2015-01-03 00:00:00,2040.2099144029605,0
2015-01-03 01:00:00,2047.42573902197,0
2015-01-03 02:00:00,2052.202349089,0
2015-01-03 03:00:00,2144.23177459825,0
2015-01-03 04:00:00,2155.71362842737,0
2015-01-03 05:00:00,2187.14908539894,0
2015-01-03 06:00:00,2122.97976840825,0
2015-01-03 07:00:00,2095.90136732092,0
2015-01-03 08:00:00,2035.3543438358304,0
2015-01-03 09:00:00,2008.16475463218,0
2015-01-03 10:00:00,1976.54586300626,0
2015-01-03 11:00:00,1921.31739539423,0
2015-01-03 12:00:00,1970.23363363542,0
2015-01-03 13:00:00,2033.2042890804,0
2015-01-03 14:00:00,2061.14940418692,0
2015-01-03 15:00:00,2107.1626992910997,0
2015-01-03 16:00:00,2160.9750083301897,0
2015-01-03 17:00:00,2187.14843580737,0
2015-01-03 18:00:00,2164.21219111561,0
2015-01-03 19:00:00,2151.48744221222,0
2015-01-03 20:00:00,2104.8790145539897,0
2015-01-03 21:00:00,2069.4638911932,0
2015-01-03 22:00:00,1992.6849514622895,0
2015-01-03 23:00:00,1993.99177200256,0
2015-01-04 00:00:00,1996.3127621420801,0
2015-01-04 01:00:00,2015.9701754795,0
2015-01-04 02:00:00,2027.57614239403,0
2015-01-04 03:00:00,2067.23279799447,0
2015-01-04 04:00:00,2091.6081875402697,0
2015-01-04 05:00:00,2111.88393498088,0
2015-01-04 06:00:00,2094.65359583225,0
2015-01-04 07:00:00,2063.9362147459,0
2015-01-04 08:00:00,1973.74216793575,0
2015-01-04 09:00:00,1932.72384053349,0
2015-01-04 10:00:00,1930.9927096194199,0
2015-01-04 11:00:00,1908.6958138014802,0
2015-01-04 12:00:00,1921.4121678205704,0
2015-01-04 13:00:00,1960.90831470275,0
2015-01-04 14:00:00,2010.4314454792002,0
2015-01-04 15:00:00,2061.96683964824,0
2015-01-04 16:00:00,2102.0181688676503,0
2015-01-04 17:00:00,2107.07688192744,0
2015-01-04 18:00:00,2101.1795541207607,0
2015-01-04 19:00:00,2079.0040660637696,0
2015-01-04 20:00:00,2035.5147858585199,0
2015-01-04 21:00:00,1979.3440063857895,0
2015-01-04 22:00:00,1946.8623720651,0
2015-01-04 23:00:00,1954.3098692653,0
2015-01-05 00:00:00,1939.05987259254,0
2015-01-05 01:00:00,1934.78310631471,0
2015-01-05 02:00:00,1978.12071078987,0
2015-01-05 03:00:00,2034.8206740390601,0
2015-01-05 04:00:00,2046.71952640696,0
2015-01-05 05:00:00,2073.75370660259,0
2015-01-05 06:00:00,2007.1596044126895,0
2015-01-05 07:00:00,1999.48870916307,0
2015-01-05 08:00:00,1935.5750465687202,0
2015-01-05 09:00:00,1866.2096899461105,0
2015-01-05 10:00:00,1843.1349631638104,0
2015-01-05 11:00:00,1862.00152171794,0
2015-01-05 12:00:00,1881.1186099822,0
2015-01-05 13:00:00,1892.20632526824,0
2015-01-05 14:00:00,1969.0457820804895,0
2015-01-05 15:00:00,2029.26595307113,0
2015-01-05 16:00:00,2083.90083912164,0
2015-01-05 17:00:00,2089.90161754212,0
2015-01-05 18:00:00,2058.86465641496,0
2015-01-05 19:00:00,2019.47142057655,0
2015-01-05 20:00:00,1713.98475002797,1
2015-01-05 21:00:00,1926.2056772344501,0
2015-01-05 22:00:00,1893.8686907245497,0
2015-01-05 23:00:00,1862.8013622121805,0
2015-01-06 00:00:00,1882.0713897344199,0
2015-01-06 01:00:00,1897.42733722188,0
2015-01-06 02:00:00,1969.77401172552,0
2015-01-06 03:00:00,1973.8781993805896,0
2015-01-06 04:00:00,1994.81848866134,0
2015-01-06 05:00:00,1992.31090605515,0
2015-01-06 06:00:00,1967.7716515421398,0
2015-01-06 07:00:00,1922.5966150446106,0
2015-01-06 08:00:00,1884.75082045541,0
2015-01-06 09:00:00,1828.49514476374,0
2015-01-06 10:00:00,1793.58776691647,0
2015-01-06 11:00:00,1811.3525807531696,0
2015-01-06 12:00:00,1814.9867804563696,0
2015-01-06 13:00:00,1846.02767921284,0
2015-01-06 14:00:00,1920.5061348257505,0
2015-01-06 15:00:00,1962.74120138261,0
2015-01-06 16:00:00,1965.1145618574105,0
2015-01-06 17:00:00,2024.7675613469696,0
2015-01-06 18:00:00,1992.2861846020605,0
2015-01-06 19:00:00,1967.85561929974,0
2015-01-06 20:00:00,1889.7346970071494,0
2015-01-06 21:00:00,1834.6176148444501,0
2015-01-06 22:00:00,1796.0641095166102,0
2015-01-06 23:00:00,1824.3186646066501,0
2015-01-07 00:00:00,1822.04401280752,0
2015-01-07 01:00:00,1812.6538696943105,0
2015-01-07 02:00:00,1862.8978237107,0
2015-01-07 03:00:00,1897.5882395688598,0
2015-01-07 04:00:00,1920.15539099568,0
2015-01-07 05:00:00,1904.6408440058497,0
2015-01-07 06:00:00,1915.46729946216,0
2015-01-07 07:00:00,1835.34534721638,0
2015-01-07 08:00:00,1796.71781566156,0
2015-01-07 09:00:00,1742.7542221254098,0
2015-01-07 10:00:00,1700.01399305046,0
2015-01-07 11:00:00,1665.14362596682,0
2015-01-07 12:00:00,1700.7919974282902,0
2015-01-07 13:00:00,1724.5779750241102,0
2015-01-07 14:00:00,1792.06859146807,0
2015-01-07 15:00:00,1867.00196320782,0
2015-01-07 16:00:00,1879.94131377614,0
2015-01-07 17:00:00,1918.0096295390301,0
2015-01-07 18:00:00,1933.03734669688,0
2015-01-07 19:00:00,1877.42537215305,0
2015-01-07 20:00:00,1835.6613726417402,0
2015-01-07 21:00:00,1745.76636688001,0
2015-01-07 22:00:00,1723.7602633616198,0
2015-01-07 23:00:00,1708.8234189175198,0
2015-01-08 00:00:00,1709.3469755592098,0
2015-01-08 01:00:00,1731.6679391502698,0
2015-01-08 02:00:00,1769.169369124,0
2015-01-08 03:00:00,1812.57329584243,0
2015-01-08 04:00:00,1790.1006498958398,0
2015-01-08 05:00:00,1824.9189252043304,0
2015-01-08 06:00:00,1798.95485318401,0
2015-01-08 07:00:00,1759.3410513985998,0
2015-01-08 08:00:00,1673.90655240231,0
2015-01-08 09:00:00,1654.60692281125,0
2015-01-08 10:00:00,1605.6310448527802,0
2015-01-08 11:00:00,1594.71218034847,0
2015-01-08 12:00:00,1622.49225191444,0
2015-01-08 13:00:00,1668.66976950514,0
2015-01-08 14:00:00,1727.3157642029098,0
2015-01-08 15:00:00,1741.90353772306,0
2015-01-08 16:00:00,1800.2624925093105,0
2015-01-08 17:00:00,1821.67426918496,0
2015-01-08 18:00:00,1822.7352236538104,0
2015-01-08 19:00:00,1737.25249620828,0
2015-01-08 20:00:00,1747.1029158257902,0
2015-01-08 21:00:00,1668.7691116648998,0
2015-01-08 22:00:00,1648.9099353456604,0
2015-01-08 23:00:00,1613.14512544906,0
2015-01-09 00:00:00,1606.9537668267,0
2015-01-09 01:00:00,1640.7313321099402,0
2015-01-09 02:00:00,1674.4272045413502,0
2015-01-09 03:00:00,1707.7381175848902,0
2015-01-09 04:00:00,1744.58586590905,0
2015-01-09 05:00:00,1728.83978124452,0
2015-01-09 06:00:00,1678.6556840716696,0
2015-01-09 07:00:00,1636.0995181984601,0
2015-01-09 08:00:00,1595.05119227724,0
2015-01-09 09:00:00,1560.4012137954699,0
2015-01-09 10:00:00,1508.45024498349,0
2015-01-09 11:00:00,1528.67164919892,0
2015-01-09 12:00:00,1490.8541636218802,0
2015-01-09 13:00:00,1548.80895781948,0
2015-01-09 14:00:00,1596.8660701121896,0
2015-01-09 15:00:00,1700.5080204351098,0
2015-01-09 16:00:00,1730.2002647728302,0
2015-01-09 17:00:00,1733.4267327049,0
2015-01-09 18:00:00,1742.90095622421,0
2015-01-09 19:00:00,1682.25014991723,0
2015-01-09 20:00:00,1665.7502677422,0
2015-01-09 21:00:00,1617.51674840295,0
2015-01-09 22:00:00,1563.51251761541,0
2015-01-09 23:00:00,1550.78229666911,0
2015-01-10 00:00:00,1526.8168892880701,0
2015-01-10 01:00:00,1571.2757012460502,0
2015-01-10 02:00:00,1599.58961794611,0
2015-01-10 03:00:00,1633.28775131302,0
2015-01-10 04:00:00,1635.82489540312,0
2015-01-10 05:00:00,1655.26850772643,0
2015-01-10 06:00:00,1646.82262033315,0
2015-01-10 07:00:00,1567.63435070191,0
2015-01-10 08:00:00,1542.21956635968,0
2015-01-10 09:00:00,1466.1586084390399,0
2015-01-10 10:00:00,1472.23938265615,0
2015-01-10 11:00:00,1449.0040022687601,0
2015-01-10 12:00:00,1453.0865069269198,0
2015-01-10 13:00:00,1490.36194318294,0
2015-01-10 14:00:00,1570.49959999155,0
2015-01-10 15:00:00,1628.56281567103,0
2015-01-10 16:00:00,1654.7857058091504,0
2015-01-10 17:00:00,1684.9635455854502,0
2015-01-10 18:00:00,1672.94135614177,0
2015-01-10 19:00:00,1615.2727820274695,0
2015-01-10 20:00:00,1591.09730211448,0
2015-01-10 21:00:00,1511.92289953907,0
2015-01-10 22:00:00,1498.9851232325598,0
2015-01-10 23:00:00,1476.59769220161,0
2015-01-11 00:00:00,1449.76126741935,0
2015-01-11 01:00:00,1488.46856004943,0
2015-01-11 02:00:00,1520.98022127638,0
2015-01-11 03:00:00,1584.7946422089599,0
2015-01-11 04:00:00,1608.81421540621,0
2015-01-11 05:00:00,1591.0482932881198,0
2015-01-11 06:00:00,1563.7131913867902,0
2015-01-11 07:00:00,1553.0116936813904,0
2015-01-11 08:00:00,1491.52978334674,0
2015-01-11 09:00:00,1439.65569249203,0
2015-01-11 10:00:00,1406.37499574871,0
2015-01-11 11:00:00,1399.94609690284,0
2015-01-11 12:00:00,1395.4377227198404,0
2015-01-11 13:00:00,1449.9432405635098,0
2015-01-11 14:00:00,1488.81334816961,0
2015-01-11 15:00:00,1557.00089595784,0
2015-01-11 16:00:00,1625.2034711787899,0
2015-01-11 17:00:00,1631.05286113068,0
2015-01-11 18:00:00,1604.95883194296,0
2015-01-11 19:00:00,1584.6533627196,0
2015-01-11 20:00:00,1555.2722809083898,0
2015-01-11 21:00:00,1496.6583371974805,0
2015-01-11 22:00:00,1454.4676856968,0
2015-01-11 23:00:00,1419.42910294585,0
2015-01-12 00:00:00,1411.15225393169,0
2015-01-12 01:00:00,1456.8159290400504,0
2015-01-12 02:00:00,1469.6424273548,0
2015-01-12 03:00:00,1533.5664845731399,0
2015-01-12 04:00:00,1542.89540471238,0
2015-01-12 05:00:00,1555.9871222419001,0
2015-01-12 06:00:00,1536.8328887783898,0
2015-01-12 07:00:00,1492.00281602979,0
2015-01-12 08:00:00,1430.7208867699899,0
2015-01-12 09:00:00,1381.2027658876002,0
2015-01-12 10:00:00,1327.2032090287598,0
2015-01-12 11:00:00,1348.38149387201,0
2015-01-12 12:00:00,1315.75252994967,0
2015-01-12 13:00:00,1398.43669977268,0
2015-01-12 14:00:00,1482.2251040569001,0
2015-01-12 15:00:00,1507.59372367276,0
2015-01-12 16:00:00,1537.60562625963,0
2015-01-12 17:00:00,1567.2843746112198,0
2015-01-12 18:00:00,1576.32577087319,0
2015-01-12 19:00:00,1545.57910001231,0
2015-01-12 20:00:00,1475.29913125777,0
2015-01-12 21:00:00,1429.19497498,0
2015-01-12 22:00:00,1388.1970579509,0
2015-01-12 23:00:00,1365.2059957361698,0
2015-01-13 00:00:00,1338.5209428324001,0
2015-01-13 01:00:00,1379.5799818692099,0
2015-01-13 02:00:00,1416.81394895567,0
2015-01-13 03:00:00,1460.9676072896302,0
2015-01-13 04:00:00,1483.89056439077,0
2015-01-13 05:00:00,1506.3295753952402,0
2015-01-13 06:00:00,1464.83663733306,0
2015-01-13 07:00:00,1391.9044064533898,0
2015-01-13 08:00:00,1367.91532730402,0
2015-01-13 09:00:00,1317.57503222643,0
2015-01-13 10:00:00,1288.46683574919,0
2015-01-13 11:00:00,1284.32373892732,0
2015-01-13 12:00:00,1309.17243245609,0
2015-01-13 13:00:00,1352.5171143221,0
2015-01-13 14:00:00,1388.1862758903305,0
2015-01-13 15:00:00,1451.33895523382,0
2015-01-13 16:00:00,1485.84059803121,0
2015-01-13 17:00:00,1474.47275335739,0
2015-01-13 18:00:00,1505.88554285285,0
2015-01-13 19:00:00,1468.8062148523902,0
2015-01-13 20:00:00,1418.4620251102099,0
2015-01-13 21:00:00,1390.6383547368805,0
2015-01-13 22:00:00,1301.85638677312,0
2015-01-13 23:00:00,1308.30373553393,0
2015-01-14 00:00:00,1282.8651081322,0
2015-01-14 01:00:00,1319.98253440488,0
2015-01-14 02:00:00,1352.3123689367999,0
2015-01-14 03:00:00,1410.91641840551,0
2015-01-14 04:00:00,1415.60554060604,0
2015-01-14 05:00:00,1423.93101914334,0
2015-01-14 06:00:00,1406.59358071419,0
2015-01-14 07:00:00,1319.13514936121,0
2015-01-14 08:00:00,1285.67671393373,0
2015-01-14 09:00:00,1236.66979912946,0
2015-01-14 10:00:00,1193.81848485244,0
2015-01-14 11:00:00,1187.50211071935,0
2015-01-14 12:00:00,1204.2877126246499,0
2015-01-14 13:00:00,1252.54291504605,0
2015-01-14 14:00:00,1290.18229070182,0
2015-01-14 15:00:00,1362.67117651131,0
2015-01-14 16:00:00,1413.57435971017,0
2015-01-14 17:00:00,1410.90812669745,0
2015-01-14 18:00:00,1402.0319509342,0
2015-01-14 19:00:00,1374.3446009952302,0
2015-01-14 20:00:00,1371.64896964207,0
2015-01-14 21:00:00,1257.43856855712,0
2015-01-14 22:00:00,1200.006932793,0
2015-01-14 23:00:00,1222.0174842139,0
2015-01-15 00:00:00,1191.36237304968,0
2015-01-15 01:00:00,1224.3098667011,0
2015-01-15 02:00:00,1262.62759383884,0
2015-01-15 03:00:00,1288.50893982673,0
2015-01-15 04:00:00,1321.87308932939,0
2015-01-15 05:00:00,1321.4836788396801,0
2015-01-15 06:00:00,1299.19923321521,0
2015-01-15 07:00:00,1240.61572066213,0
2015-01-15 08:00:00,1175.6757886546302,0
2015-01-15 09:00:00,1147.2280731729304,0
2015-01-15 10:00:00,1109.77874103064,0
2015-01-15 11:00:00,1119.32630386284,0
2015-01-15 12:00:00,1126.66873963091,0
2015-01-15 13:00:00,1138.67912631012,0
2015-01-15 14:00:00,1207.28499718199,0
2015-01-15 15:00:00,1261.0156788905,0
2015-01-15 16:00:00,1313.72715238309,0
2015-01-15 17:00:00,1305.31572307556,0
2015-01-15 18:00:00,1329.9583762749,0
2015-01-15 19:00:00,1269.7054765024302,0
2015-01-15 20:00:00,1227.65154734351,0
2015-01-15 21:00:00,1177.05024280879,0
2015-01-15 22:00:00,1134.8919870972302,0
2015-01-15 23:00:00,1125.13599590642,0
2015-01-16 00:00:00,1148.23645241088,0
2015-01-16 01:00:00,1108.72779807091,0
2015-01-16 02:00:00,1158.03935418848,0
2015-01-16 03:00:00,1221.58176408997,0
2015-01-16 04:00:00,1227.6480719817,0
2015-01-16 05:00:00,1240.86655177622,0
2015-01-16 06:00:00,1190.00602789606,0
2015-01-16 07:00:00,1148.30264267994,0
2015-01-16 08:00:00,1070.7760626135,0
2015-01-16 09:00:00,1061.14940450844,0
2015-01-16 10:00:00,1005.19244324218,0
2015-01-16 11:00:00,1006.8088730556,0
2015-01-16 12:00:00,1055.09879014773,0
2015-01-16 13:00:00,1056.90535983335,0
2015-01-16 14:00:00,1124.16522320155,0
2015-01-16 15:00:00,1183.64657136485,0
2015-01-16 16:00:00,1203.8121336992501,0
2015-01-16 17:00:00,1232.74692406394,0
2015-01-16 18:00:00,1227.0601098990899,0
2015-01-16 19:00:00,1203.49683604012,0
2015-01-16 20:00:00,1145.14265597231,0
2015-01-16 21:00:00,1091.50109612751,0
2015-01-16 22:00:00,1050.52183364156,0
2015-01-16 23:00:00,1012.93430649098,0
2015-01-17 00:00:00,1035.9715530050998,0
2015-01-17 01:00:00,1067.5206762461999,0
2015-01-17 02:00:00,1072.98223081512,0
2015-01-17 03:00:00,1113.19177298364,0
2015-01-17 04:00:00,1148.02405436023,0
2015-01-17 05:00:00,1130.764586263,0
2015-01-17 06:00:00,1117.40027853626,0
2015-01-17 07:00:00,1064.10063692768,0
2015-01-17 08:00:00,1006.53824098323,0
2015-01-17 09:00:00,983.9331271177421,0
2015-01-17 10:00:00,930.344576095687,0
2015-01-17 11:00:00,937.02614654794,0
2015-01-17 12:00:00,956.178027108681,0
2015-01-17 13:00:00,991.891834723495,0
2015-01-17 14:00:00,1064.6356140372197,0
2015-01-17 15:00:00,1107.3892006219999,0
2015-01-17 16:00:00,1159.20934046449,0
2015-01-17 17:00:00,1182.36149571544,0
2015-01-17 18:00:00,1186.13927374743,0
2015-01-17 19:00:00,1129.01887261428,0
2015-01-17 20:00:00,1091.63948681181,0
2015-01-17 21:00:00,1025.50253192486,0
2015-01-17 22:00:00,985.538162784696,0
2015-01-17 23:00:00,980.458007478251,0
2015-01-18 00:00:00,974.987806061923,0
2015-01-18 01:00:00,978.4497606155452,0
2015-01-18 02:00:00,1020.9471003366,0
2015-01-18 03:00:00,1054.62200041789,0
2015-01-18 04:00:00,1087.45275376688,0
2015-01-18 05:00:00,1084.00898876957,0
2015-01-18 06:00:00,1075.4750794272,0
2015-01-18 07:00:00,1021.4988733697501,0
2015-01-18 08:00:00,960.901299058998,0
2015-01-18 09:00:00,915.969525394779,0
2015-01-18 10:00:00,872.1054514639951,0
2015-01-18 11:00:00,879.7651293538879,0
2015-01-18 12:00:00,890.606837639282,0
2015-01-18 13:00:00,946.665206892908,0
2015-01-18 14:00:00,1001.9190354271001,0
2015-01-18 15:00:00,1054.20502865231,0
2015-01-18 16:00:00,1107.67169704423,0
2015-01-18 17:00:00,1117.67032916225,0
2015-01-18 18:00:00,1109.6214764282001,0
2015-01-18 19:00:00,1082.07944581595,0
2015-01-18 20:00:00,1041.81040149754,0
2015-01-18 21:00:00,979.3058177508093,0
2015-01-18 22:00:00,943.113628770507,0
2015-01-18 23:00:00,924.7837336156399,0
2015-01-19 00:00:00,912.6962428489752,0
2015-01-19 01:00:00,926.1911528450439,0
2015-01-19 02:00:00,957.330552618714,0
2015-01-19 03:00:00,1011.58436004379,0
2015-01-19 04:00:00,1039.8588759525098,0
2015-01-19 05:00:00,1048.83797229457,0
2015-01-19 06:00:00,1023.7405964288901,0
2015-01-19 07:00:00,971.9697009249479,0
2015-01-19 08:00:00,914.4797695579492,0
2015-01-19 09:00:00,855.4140584124541,0
2015-01-19 10:00:00,843.6396736698849,0
2015-01-19 11:00:00,826.502839308887,0
2015-01-19 12:00:00,838.5002463217099,0
2015-01-19 13:00:00,912.314967051628,0
2015-01-19 14:00:00,968.3970635981821,0
2015-01-19 15:00:00,981.885574859158,0
2015-01-19 16:00:00,1063.79687753974,0
2015-01-19 17:00:00,1065.0215693346001,0
2015-01-19 18:00:00,1081.94917233769,0
2015-01-19 19:00:00,1009.68386041508,0
2015-01-19 20:00:00,977.1610722676401,0
2015-01-19 21:00:00,920.725000823352,0
2015-01-19 22:00:00,897.232643511077,0
2015-01-19 23:00:00,886.830870875441,0
2015-01-20 00:00:00,870.496573677887,0
2015-01-20 01:00:00,893.6585182625688,0
2015-01-20 02:00:00,922.7006747266021,0
2015-01-20 03:00:00,979.1756280005079,0
2015-01-20 04:00:00,977.688920322146,0
2015-01-20 05:00:00,983.872080409363,0
2015-01-20 06:00:00,971.3979908710228,0
2015-01-20 07:00:00,927.526020115308,0
2015-01-20 08:00:00,849.7136564807599,0
2015-01-20 09:00:00,794.105541388304,0
2015-01-20 10:00:00,785.8609789877652,0
2015-01-20 11:00:00,771.351067149129,0
2015-01-20 12:00:00,775.560411757197,0
2015-01-20 13:00:00,833.607220290995,0
2015-01-20 14:00:00,908.047612386685,0
2015-01-20 15:00:00,946.356450751373,0
2015-01-20 16:00:00,974.678002598439,0
2015-01-20 17:00:00,998.4644939955,0
2015-01-20 18:00:00,994.576045051617,0
2015-01-20 19:00:00,978.258247101412,0
2015-01-20 20:00:00,900.778319118968,0
2015-01-20 21:00:00,818.083265082419,0
2015-01-20 22:00:00,828.514728255766,0
2015-01-20 23:00:00,797.970244182479,0
2015-01-21 00:00:00,784.498902482445,0
2015-01-21 01:00:00,795.083129462177,0
2015-01-21 02:00:00,816.776974492028,0
2015-01-21 03:00:00,857.821807412821,0
2015-01-21 04:00:00,859.749367337236,0
2015-01-21 05:00:00,902.338953007187,0
2015-01-21 06:00:00,880.874181544652,0
2015-01-21 07:00:00,832.6483008091051,0
2015-01-21 08:00:00,779.553133353111,0
2015-01-21 09:00:00,733.8956486935921,0
2015-01-21 10:00:00,677.223940548973,0
2015-01-21 11:00:00,684.348851451995,0
2015-01-21 12:00:00,710.0563494875299,0
2015-01-21 13:00:00,764.051884919686,0
2015-01-21 14:00:00,787.932552235809,0
2015-01-21 15:00:00,863.656725699462,0
2015-01-21 16:00:00,882.375279010471,0
2015-01-21 17:00:00,917.113966905697,0
2015-01-21 18:00:00,891.409498720284,0
2015-01-21 19:00:00,878.5486238167371,0
2015-01-21 20:00:00,841.387208308191,0
2015-01-21 21:00:00,758.877800582831,0
2015-01-21 22:00:00,732.903515053828,0
2015-01-21 23:00:00,707.143686239552,0
2015-01-22 00:00:00,693.231823689487,0
2015-01-22 01:00:00,726.33845009017,0
2015-01-22 02:00:00,759.2549079226062,0
2015-01-22 03:00:00,790.1019914861308,0
2015-01-22 04:00:00,813.1321786094818,0
2015-01-22 05:00:00,827.92350786886,0
2015-01-22 06:00:00,794.4096641697852,0
2015-01-22 07:00:00,766.100154876007,0
2015-01-22 08:00:00,689.3283273740379,0
2015-01-22 09:00:00,626.204898066283,0
2015-01-22 10:00:00,619.678373431763,0
2015-01-22 11:00:00,591.281497218502,0
2015-01-22 12:00:00,607.922007292828,0
2015-01-22 13:00:00,680.638539975726,0
2015-01-22 14:00:00,726.602949495224,0
2015-01-22 15:00:00,761.7896708871872,0
2015-01-22 16:00:00,794.9963895684268,0
2015-01-22 17:00:00,828.67739154612,0
2015-01-22 18:00:00,807.543806972878,0
2015-01-22 19:00:00,775.3527883359129,0
2015-01-22 20:00:00,735.092157318286,0
2015-01-22 21:00:00,675.227827744871,0
2015-01-22 22:00:00,627.638949678758,0
2015-01-22 23:00:00,608.333315953327,0
2015-01-23 00:00:00,604.3265754542268,0
2015-01-23 01:00:00,626.897113986512,0
2015-01-23 02:00:00,661.237848406754,0
2015-01-23 03:00:00,693.5151432504849,0
2015-01-23 04:00:00,715.38440808095,0
2015-01-23 05:00:00,716.210966855941,0
2015-01-23 06:00:00,684.641407524787,0
2015-01-23 07:00:00,675.106471773297,0
2015-01-23 08:00:00,584.732565060878,0
2015-01-23 09:00:00,555.366152110108,0
2015-01-23 10:00:00,521.169542980689,0
2015-01-23 11:00:00,495.580855098852,0
2015-01-23 12:00:00,526.148499983729,0
2015-01-23 13:00:00,547.237849774472,0
2015-01-23 14:00:00,626.323720397012,0
2015-01-23 15:00:00,678.28169837499,0
2015-01-23 16:00:00,721.902624721931,0
2015-01-23 17:00:00,734.3561292532901,0
2015-01-23 18:00:00,717.920447364655,0
2015-01-23 19:00:00,689.089337752878,0
2015-01-23 20:00:00,670.609434491995,0
2015-01-23 21:00:00,600.15678057521,0
2015-01-23 22:00:00,570.297668977273,0
2015-01-23 23:00:00,511.40881009174797,0
2015-01-24 00:00:00,522.954965364426,0
2015-01-24 01:00:00,556.935634122926,0
2015-01-24 02:00:00,569.3410880682679,0
2015-01-24 03:00:00,609.272175160764,0
2015-01-24 04:00:00,666.1588552401699,0
2015-01-24 05:00:00,628.364132329294,0
2015-01-24 06:00:00,656.045382248422,0
2015-01-24 07:00:00,593.235595057386,0
2015-01-24 08:00:00,516.100558242509,0
2015-01-24 09:00:00,472.115323885524,0
2015-01-24 10:00:00,440.546442135732,0
2015-01-24 11:00:00,443.867056470904,0
2015-01-24 12:00:00,452.8850004569111,0
2015-01-24 13:00:00,504.797185923154,0
2015-01-24 14:00:00,556.8497448784581,0
2015-01-24 15:00:00,606.581245096,0
2015-01-24 16:00:00,684.018590531551,0
2015-01-24 17:00:00,684.119586674924,0
2015-01-24 18:00:00,663.156944652131,0
2015-01-24 19:00:00,644.662443254172,0
2015-01-24 20:00:00,560.71330898272,0
2015-01-24 21:00:00,519.513079794895,0
2015-01-24 22:00:00,463.717032470718,0
2015-01-24 23:00:00,466.96947532721606,0
2015-01-25 00:00:00,471.214870933864,0
2015-01-25 01:00:00,479.991524092229,0
2015-01-25 02:00:00,495.568524085538,0
2015-01-25 03:00:00,578.692894056961,0
2015-01-25 04:00:00,614.388814506789,0
2015-01-25 05:00:00,549.807286184024,0
2015-01-25 06:00:00,570.53912511917,0
2015-01-25 07:00:00,506.0866781990461,0
2015-01-25 08:00:00,446.94491776505896,0
2015-01-25 09:00:00,416.32484751982,0
2015-01-25 10:00:00,392.52379338562105,0
2015-01-25 11:00:00,361.5946555526969,0
2015-01-25 12:00:00,432.485586876524,0
2015-01-25 13:00:00,453.5405563637489,0
2015-01-25 14:00:00,543.802656825061,0
2015-01-25 15:00:00,544.6315384808149,0
2015-01-25 16:00:00,614.082715428655,0
2015-01-25 17:00:00,604.073164504105,0
2015-01-25 18:00:00,604.869324060002,0
2015-01-25 19:00:00,592.713547685829,0
2015-01-25 20:00:00,533.892105613747,0
2015-01-25 21:00:00,475.171692486759,0
2015-01-25 22:00:00,401.222010150132,0
2015-01-25 23:00:00,424.566366603536,0
2015-01-26 00:00:00,438.840182974926,0
2015-01-26 01:00:00,434.787483810106,0
2015-01-26 02:00:00,471.369550961947,0
2015-01-26 03:00:00,493.377199561745,0
2015-01-26 04:00:00,536.182397411402,0
2015-01-26 05:00:00,530.735158089029,0
2015-01-26 06:00:00,519.895900997052,0
2015-01-26 07:00:00,464.194753982012,0
2015-01-26 08:00:00,390.35306441786,0
2015-01-26 09:00:00,393.03111574287806,0
2015-01-26 10:00:00,344.116121919613,0
2015-01-26 11:00:00,317.46135918866,0
2015-01-26 12:00:00,329.05879201440604,0
2015-01-26 13:00:00,391.053830979442,0
2015-01-26 14:00:00,437.58141715387706,0
2015-01-26 15:00:00,488.42067589423897,0
2015-01-26 16:00:00,517.4681278807769,0
2015-01-26 17:00:00,575.553035291068,0
2015-01-26 18:00:00,544.995302295162,0
2015-01-26 19:00:00,514.569791209243,0
2015-01-26 20:00:00,480.73729267181693,0
2015-01-26 21:00:00,427.331528477414,0
2015-01-26 22:00:00,367.19241459432,0
2015-01-26 23:00:00,324.976989858954,0
2015-01-27 00:00:00,373.14319287807405,0
2015-01-27 01:00:00,381.6426296137551,0
2015-01-27 02:00:00,395.640738343148,0
2015-01-27 03:00:00,450.627864289124,0
2015-01-27 04:00:00,496.988333843928,0
2015-01-27 05:00:00,456.688491777162,0
2015-01-27 06:00:00,410.978356823905,0
2015-01-27 07:00:00,421.549294970914,0
2015-01-27 08:00:00,378.564438321651,0
2015-01-27 09:00:00,308.806436129152,0
2015-01-27 10:00:00,290.831434456219,0
2015-01-27 11:00:00,278.19340968759104,0
2015-01-27 12:00:00,287.651569438403,0
2015-01-27 13:00:00,290.501814127847,0
2015-01-27 14:00:00,399.229988691792,0
2015-01-27 15:00:00,436.688146926933,0
2015-01-27 16:00:00,495.042064689409,0
2015-01-27 17:00:00,486.205791433591,0
2015-01-27 18:00:00,525.638282684596,0
2015-01-27 19:00:00,461.880547340073,0
2015-01-27 20:00:00,426.9176083067431,0
2015-01-27 21:00:00,345.838654346903,0
2015-01-27 22:00:00,304.135122286206,0
2015-01-27 23:00:00,295.249284238973,0
2015-01-28 00:00:00,275.181009600221,0
2015-01-28 01:00:00,306.087337042757,0
2015-01-28 02:00:00,336.718630333029,0
2015-01-28 03:00:00,375.407756160381,0
2015-01-28 04:00:00,370.2082791138231,0
2015-01-28 05:00:00,409.161981948985,0
2015-01-28 06:00:00,364.27674682659597,0
2015-01-28 07:00:00,327.403318328259,0
2015-01-28 08:00:00,288.263948955534,0
2015-01-28 09:00:00,216.510538389342,0
2015-01-28 10:00:00,187.08231466659802,0
2015-01-28 11:00:00,171.782487042813,0
2015-01-28 12:00:00,195.182629169921,0
2015-01-28 13:00:00,232.962582307518,0
2015-01-28 14:00:00,289.602807599469,0
2015-01-28 15:00:00,348.023789506081,0
2015-01-28 16:00:00,395.246440054581,0
2015-01-28 17:00:00,410.705165242938,0
2015-01-28 18:00:00,403.124099056067,0
2015-01-28 19:00:00,360.5735883508409,0
2015-01-28 20:00:00,319.496719680089,0
2015-01-28 21:00:00,237.85463510327202,0
2015-01-28 22:00:00,189.515757380876,0
2015-01-28 23:00:00,183.04698402346298,0
2015-01-29 00:00:00,201.73314554416302,0
2015-01-29 01:00:00,226.41375615897005,0
2015-01-29 02:00:00,258.836225424603,0
2015-01-29 03:00:00,294.280867347747,0
2015-01-29 04:00:00,310.719829126565,0
2015-01-29 05:00:00,315.212254985092,0
2015-01-29 06:00:00,292.085121405142,0
2015-01-29 07:00:00,237.443284425092,0
2015-01-29 08:00:00,196.55078477335098,0
2015-01-29 09:00:00,126.220382840298,0
2015-01-29 10:00:00,101.995075272811,0
2015-01-29 11:00:00,103.725387312042,0
2015-01-29 12:00:00,110.018862893101,0
2015-01-29 13:00:00,143.551529494237,0
2015-01-29 14:00:00,181.59371658323502,0
2015-01-29 15:00:00,245.99478114233105,0
2015-01-29 16:00:00,296.475752027266,0
2015-01-29 17:00:00,331.311214958275,0
2015-01-29 18:00:00,278.456614203924,0
2015-01-29 19:00:00,268.024767587655,0
2015-01-29 20:00:00,227.35074779073503,0
2015-01-29 21:00:00,170.64720053948798,0
2015-01-29 22:00:00,141.23109039526,0
2015-01-29 23:00:00,125.29400092087299,0
2015-01-30 00:00:00,122.557307428506,0
2015-01-30 01:00:00,116.53850961181601,0
2015-01-30 02:00:00,152.204930488143,0
2015-01-30 03:00:00,194.728524080393,0
2015-01-30 04:00:00,207.191788659366,0
2015-01-30 05:00:00,224.401525097562,0
2015-01-30 06:00:00,181.773962546411,0
2015-01-30 07:00:00,171.963409612244,0
2015-01-30 08:00:00,111.695606454412,0
2015-01-30 09:00:00,60.3624500156157,0
2015-01-30 10:00:00,-1.68286120743419,0
2015-01-30 11:00:00,4.30166297379852,0
2015-01-30 12:00:00,15.6666142101757,0
2015-01-30 13:00:00,65.3757602414411,0
2015-01-30 14:00:00,104.664096890341,0
2015-01-30 15:00:00,163.840735674854,0
2015-01-30 16:00:00,231.33012932997397,0
2015-01-30 17:00:00,220.915977636165,0
2015-01-30 18:00:00,228.679154838051,0
2015-01-30 19:00:00,198.03480370035095,0
2015-01-30 20:00:00,137.007691732826,0
2015-01-30 21:00:00,115.0469989849,0
2015-01-30 22:00:00,21.9633290443119,0
2015-01-30 23:00:00,30.919477710623497,0
2015-01-31 00:00:00,24.793340636310703,0
2015-01-31 01:00:00,28.011120097611297,0
2015-01-31 02:00:00,95.9049528132209,0
2015-01-31 03:00:00,153.426607682115,0
2015-01-31 04:00:00,140.75574133696898,0
2015-01-31 05:00:00,118.88004366535499,0
2015-01-31 06:00:00,121.362885639035,0
2015-01-31 07:00:00,57.7908612018715,0
2015-01-31 08:00:00,51.0093405817464,0
2015-01-31 09:00:00,-52.3056231445874,0
2015-01-31 10:00:00,-58.0469268252507,0
2015-01-31 11:00:00,-80.2655529405125,0
2015-01-31 12:00:00,-95.80134519059851,0
2015-01-31 13:00:00,-24.1743009718917,0
2015-01-31 14:00:00,39.657388405736796,0
2015-01-31 15:00:00,108.178681261277,0
2015-01-31 16:00:00,147.250204078979,0
2015-01-31 17:00:00,166.13181934896602,0
2015-01-31 18:00:00,150.339603208086,0
2015-01-31 19:00:00,122.41218552850701,0
2015-01-31 20:00:00,75.5542853697202,0
2015-01-31 21:00:00,8.09171718147485,0
2015-01-31 22:00:00,-9.158926166626367,0
2015-01-31 23:00:00,-56.229370892758894,0
2015-02-01 00:00:00,-24.434011475450202,0
2015-02-01 01:00:00,-33.4234403627448,0
2015-02-01 02:00:00,12.5871174498132,0
2015-02-01 03:00:00,66.2767502506037,0
2015-02-01 04:00:00,93.3413254402939,0
2015-02-01 05:00:00,74.05362786791679,0
2015-02-01 06:00:00,68.86934088140039,0
2015-02-01 07:00:00,22.4988032958788,0
2015-02-01 08:00:00,-33.1823304343201,0
2015-02-01 09:00:00,-89.0494884888639,0
2015-02-01 10:00:00,-124.570834635535,0
2015-02-01 11:00:00,-136.030848525481,0
2015-02-01 12:00:00,-121.054196617776,0
2015-02-01 13:00:00,-66.513127548533,0
